ID_Fiabilidad,ID_Componente,Fecha,Valor_Fiabilidad
F000001,INV01,1/1/2022,1
F000002,INV01,1/8/2022,0.999
F000003,INV01,1/15/2022,0.998
F000004,INV01,1/22/2022,0.997
F000005,INV01,1/29/2022,0.996
F000006,INV01,2/5/2022,0.995
F000007,INV01,2/12/2022,0.994
F000008,INV01,2/19/2022,0.993
F000009,INV01,2/26/2022,0.992
F000010,INV01,3/5/2022,0.991
F000011,INV01,3/12/2022,0.99
F000012,INV01,3/19/2022,0.989
F000013,INV01,3/26/2022,0.988
F000014,INV01,4/2/2022,0.987
F000015,INV01,4/9/2022,0.986
F000016,INV01,4/16/2022,0.985
F000017,INV01,4/23/2022,0.984
F000018,INV01,4/30/2022,0.983
F000019,INV01,5/7/2022,0
F000020,INV01,5/14/2022,1
F000021,INV01,5/21/2022,0.999
F000022,INV01,5/28/2022,0.998
F000023,INV01,6/4/2022,0.997
F000024,INV01,6/11/2022,0.996
F000025,INV01,6/18/2022,0.995
F000026,INV01,6/25/2022,0.994
F000027,INV01,7/2/2022,0.993
F000028,INV01,7/9/2022,0.992
F000029,INV01,7/16/2022,0.991
F000030,INV01,7/23/2022,0.99
F000031,INV01,7/30/2022,0.989
F000032,INV01,8/6/2022,0.988
F000033,INV01,8/13/2022,0.987
F000034,INV01,8/20/2022,0.986
F000035,INV01,8/27/2022,0.985
F000036,INV01,9/3/2022,0.984
F000037,INV01,9/10/2022,0.983
F000038,INV01,9/17/2022,0.982
F000039,INV01,9/24/2022,0.981
F000040,INV01,10/1/2022,0.98
F000041,INV01,10/8/2022,0.979
F000042,INV01,10/15/2022,0.978
F000043,INV01,10/22/2022,0.977
F000044,INV01,10/29/2022,0.976
F000045,INV01,11/5/2022,0.975
F000046,INV01,11/12/2022,0.974
F000047,INV01,11/19/2022,0.973
F000048,INV01,11/26/2022,0.972
F000049,INV01,12/3/2022,0.971
F000050,INV01,12/10/2022,0.97
F000051,INV01,12/17/2022,0.969
F000052,INV01,12/24/2022,0.968
F000053,INV01,12/31/2022,0.967
F000054,INV01,1/7/2023,0.966
F000055,INV01,1/14/2023,0.965
F000056,INV01,1/21/2023,0.964
F000057,INV01,1/28/2023,0.963
F000058,INV01,2/4/2023,0.962
F000059,INV01,2/11/2023,0.961
F000060,INV01,2/18/2023,0.96
F000061,INV01,2/25/2023,0.959
F000062,INV01,3/4/2023,0.958
F000063,INV01,3/11/2023,0.957
F000064,INV01,3/18/2023,0.956
F000065,INV01,3/25/2023,0.955
F000066,INV01,4/1/2023,0.954
F000067,INV01,4/8/2023,0.953
F000068,INV01,4/15/2023,0.952
F000069,INV01,4/22/2023,0.951
F000070,INV01,4/29/2023,0.95
F000071,INV01,5/6/2023,0.949
F000072,INV01,5/13/2023,0.948
F000073,INV01,5/20/2023,0.947
F000074,INV01,5/27/2023,0.946
F000075,INV01,6/3/2023,0.945
F000076,INV01,6/10/2023,0.944
F000077,INV01,6/17/2023,0.943
F000078,INV01,6/24/2023,0.942
F000079,INV01,7/1/2023,0.941
F000080,INV01,7/8/2023,0.94
F000081,INV01,7/15/2023,0.939
F000082,INV01,7/22/2023,0.938
F000083,INV01,7/29/2023,0.937
F000084,INV01,8/5/2023,0.936
F000085,INV01,8/12/2023,0.935
F000086,INV01,8/19/2023,0.934
F000087,INV01,8/26/2023,0.933
F000088,INV01,9/2/2023,0.932
F000089,INV01,9/9/2023,0.931
F000090,INV01,9/16/2023,0.93
F000091,INV01,9/23/2023,0.929
F000092,INV01,9/30/2023,0.928
F000093,INV01,10/7/2023,0.927
F000094,INV01,10/14/2023,0.926
F000095,INV01,10/21/2023,0.925
F000096,INV01,10/28/2023,0.924
F000097,INV01,11/4/2023,0.923
F000098,INV01,11/11/2023,0.922
F000099,INV01,11/18/2023,0.921
F000100,INV01,11/25/2023,0.92
F000101,INV01,12/2/2023,0.919
F000102,INV01,12/9/2023,0.918
F000103,INV01,12/16/2023,0.917
F000104,INV01,12/23/2023,0.916
F000105,INV01,12/30/2023,0.915
F000106,INV01,1/6/2024,0.914
F000107,INV01,1/13/2024,0.913
F000108,INV01,1/20/2024,0.912
F000109,INV01,1/27/2024,0.911
F000110,INV01,2/3/2024,0.91
F000111,INV01,2/10/2024,0.909
F000112,INV01,2/17/2024,0.908
F000113,INV01,2/24/2024,0.907
F000114,INV01,3/2/2024,0.906
F000115,INV01,3/9/2024,0.905
F000116,INV01,3/16/2024,0.904
F000117,INV01,3/23/2024,0.903
F000118,INV01,3/30/2024,0.902
F000119,INV01,4/6/2024,0.901
F000120,INV01,4/13/2024,0.9
F000121,INV01,4/20/2024,0.899
F000122,INV01,4/27/2024,0.898
F000123,INV01,5/4/2024,0.897
F000124,INV01,5/11/2024,0.896
F000125,INV01,5/18/2024,0.895
F000126,INV01,5/25/2024,0.894
F000127,INV01,6/1/2024,0.893
F000128,INV01,6/8/2024,0.892
F000129,INV01,6/15/2024,0.891
F000130,INV01,6/22/2024,0.89
F000131,INV01,6/29/2024,0.889
F000132,INV01,7/6/2024,0.888
F000133,INV01,7/13/2024,0.887
F000134,INV01,7/20/2024,0.886
F000135,INV01,7/27/2024,0.885
F000136,INV01,8/3/2024,0.884
F000137,INV01,8/10/2024,0.883
F000138,INV01,8/17/2024,0.882
F000139,INV01,8/24/2024,0.881
F000140,INV01,8/31/2024,0.88
F000141,INV01,9/7/2024,0.879
F000142,INV01,9/14/2024,0.878
F000143,INV01,9/21/2024,0.877
F000144,INV01,9/28/2024,0.876
F000145,INV01,10/5/2024,0.875
F000146,INV01,10/12/2024,0.874
F000147,INV01,10/19/2024,0.873
F000148,INV01,10/26/2024,0.872
F000149,INV01,11/2/2024,0.871
F000150,INV01,11/9/2024,0.87
F000151,INV01,11/16/2024,0.869
F000152,INV01,11/23/2024,0.868
F000153,INV01,11/30/2024,0.867
F000154,INV01,12/7/2024,0.866
F000155,INV01,12/14/2024,0.865
F000156,INV01,12/21/2024,0.864
F000157,INV01,12/28/2024,0.863
F000158,INV02,1/1/2022,1
F000159,INV02,1/8/2022,0.994
F000160,INV02,1/15/2022,0.988
F000161,INV02,1/22/2022,0.982
F000162,INV02,1/29/2022,0.976
F000163,INV02,2/5/2022,0.97
F000164,INV02,2/12/2022,0.964
F000165,INV02,2/19/2022,0.958
F000166,INV02,2/26/2022,0.952
F000167,INV02,3/5/2022,0.946
F000168,INV02,3/12/2022,0
F000169,INV02,3/19/2022,1
F000170,INV02,3/26/2022,0.994
F000171,INV02,4/2/2022,0.988
F000172,INV02,4/9/2022,0.982
F000173,INV02,4/16/2022,0.976
F000174,INV02,4/23/2022,0.97
F000175,INV02,4/30/2022,0.964
F000176,INV02,5/7/2022,0.958
F000177,INV02,5/14/2022,0.952
F000178,INV02,5/21/2022,0.946
F000179,INV02,5/28/2022,0.94
F000180,INV02,6/4/2022,0.934
F000181,INV02,6/11/2022,0.928
F000182,INV02,6/18/2022,0.922
F000183,INV02,6/25/2022,0.916
F000184,INV02,7/2/2022,0.91
F000185,INV02,7/9/2022,0.904
F000186,INV02,7/16/2022,0.898
F000187,INV02,7/23/2022,0.892
F000188,INV02,7/30/2022,0.886
F000189,INV02,8/6/2022,0.88
F000190,INV02,8/13/2022,0.874
F000191,INV02,8/20/2022,0.868
F000192,INV02,8/27/2022,0.862
F000193,INV02,9/3/2022,0.856
F000194,INV02,9/10/2022,0.85
F000195,INV02,9/17/2022,0.844
F000196,INV02,9/24/2022,0.838
F000197,INV02,10/1/2022,0.832
F000198,INV02,10/8/2022,0.826
F000199,INV02,10/15/2022,0.82
F000200,INV02,10/22/2022,0.814
F000201,INV02,10/29/2022,0.808
F000202,INV02,11/5/2022,0.802
F000203,INV02,11/12/2022,0.796
F000204,INV02,11/19/2022,0.79
F000205,INV02,11/26/2022,0.784
F000206,INV02,12/3/2022,0.778
F000207,INV02,12/10/2022,0.772
F000208,INV02,12/17/2022,0.766
F000209,INV02,12/24/2022,0.76
F000210,INV02,12/31/2022,0.754
F000211,INV02,1/7/2023,0.748
F000212,INV02,1/14/2023,0.742
F000213,INV02,1/21/2023,0.736
F000214,INV02,1/28/2023,0.73
F000215,INV02,2/4/2023,0.724
F000216,INV02,2/11/2023,0.718
F000217,INV02,2/18/2023,0.712
F000218,INV02,2/25/2023,0.706
F000219,INV02,3/4/2023,0.7
F000220,INV02,3/11/2023,0.694
F000221,INV02,3/18/2023,0.688
F000222,INV02,3/25/2023,0.682
F000223,INV02,4/1/2023,0.676
F000224,INV02,4/8/2023,0.67
F000225,INV02,4/15/2023,0.664
F000226,INV02,4/22/2023,0.658
F000227,INV02,4/29/2023,0.652
F000228,INV02,5/6/2023,0.646
F000229,INV02,5/13/2023,0.64
F000230,INV02,5/20/2023,0.634
F000231,INV02,5/27/2023,0.628
F000232,INV02,6/3/2023,0.622
F000233,INV02,6/10/2023,0.616
F000234,INV02,6/17/2023,0.61
F000235,INV02,6/24/2023,0.604
F000236,INV02,7/1/2023,0.598
F000237,INV02,7/8/2023,0.592
F000238,INV02,7/15/2023,0.586
F000239,INV02,7/22/2023,0.58
F000240,INV02,7/29/2023,0.574
F000241,INV02,8/5/2023,0.568
F000242,INV02,8/12/2023,0.562
F000243,INV02,8/19/2023,0.556
F000244,INV02,8/26/2023,0.55
F000245,INV02,9/2/2023,0.544
F000246,INV02,9/9/2023,0.538
F000247,INV02,9/16/2023,0.532
F000248,INV02,9/23/2023,0.526
F000249,INV02,9/30/2023,0.52
F000250,INV02,10/7/2023,0.514
F000251,INV02,10/14/2023,0.508
F000252,INV02,10/21/2023,0.502
F000253,INV02,10/28/2023,0.496
F000254,INV02,11/4/2023,0.49
F000255,INV02,11/11/2023,0.484
F000256,INV02,11/18/2023,0.478
F000257,INV02,11/25/2023,0.472
F000258,INV02,12/2/2023,0.466
F000259,INV02,12/9/2023,0.46
F000260,INV02,12/16/2023,0.454
F000261,INV02,12/23/2023,0.448
F000262,INV02,12/30/2023,0.442
F000263,INV02,1/6/2024,0.436
F000264,INV02,1/13/2024,0.43
F000265,INV02,1/20/2024,0.424
F000266,INV02,1/27/2024,0.418
F000267,INV02,2/3/2024,0.412
F000268,INV02,2/10/2024,0.406
F000269,INV02,2/17/2024,0.399999999999999
F000270,INV02,2/24/2024,0.393999999999999
F000271,INV02,3/2/2024,0.387999999999999
F000272,INV02,3/9/2024,0.381999999999999
F000273,INV02,3/16/2024,0.375999999999999
F000274,INV02,3/23/2024,0.369999999999999
F000275,INV02,3/30/2024,0.363999999999999
F000276,INV02,4/6/2024,0.357999999999999
F000277,INV02,4/13/2024,0.351999999999999
F000278,INV02,4/20/2024,0.345999999999999
F000279,INV02,4/27/2024,0.339999999999999
F000280,INV02,5/4/2024,0.333999999999999
F000281,INV02,5/11/2024,0.327999999999999
F000282,INV02,5/18/2024,0.321999999999999
F000283,INV02,5/25/2024,0.315999999999999
F000284,INV02,6/1/2024,0.309999999999999
F000285,INV02,6/8/2024,0.303999999999999
F000286,INV02,6/15/2024,0.297999999999999
F000287,INV02,6/22/2024,0.291999999999999
F000288,INV02,6/29/2024,0.285999999999999
F000289,INV02,7/6/2024,0.279999999999999
F000290,INV02,7/13/2024,0.273999999999999
F000291,INV02,7/20/2024,0.267999999999999
F000292,INV02,7/27/2024,0.261999999999999
F000293,INV02,8/3/2024,0.255999999999999
F000294,INV02,8/10/2024,0.249999999999999
F000295,INV02,8/17/2024,0.243999999999999
F000296,INV02,8/24/2024,0.237999999999999
F000297,INV02,8/31/2024,0.231999999999999
F000298,INV02,9/7/2024,0.225999999999999
F000299,INV02,9/14/2024,0.219999999999999
F000300,INV02,9/21/2024,0.213999999999999
F000301,INV02,9/28/2024,0.207999999999999
F000302,INV02,10/5/2024,0.201999999999999
F000303,INV02,10/12/2024,0.195999999999999
F000304,INV03,1/1/2022,1
F000305,INV03,1/8/2022,1
F000306,INV03,1/15/2022,0.998
F000307,INV03,1/22/2022,0.996
F000308,INV03,1/29/2022,0.994
F000309,INV03,2/5/2022,0.992
F000310,INV03,2/12/2022,0.99
F000311,INV03,2/19/2022,0.988
F000312,INV03,2/26/2022,0.986
F000313,INV03,3/5/2022,0.984
F000314,INV03,3/12/2022,0.982
F000315,INV03,3/19/2022,0.98
F000316,INV03,3/26/2022,0.978
F000317,INV03,4/2/2022,0.976
F000318,INV03,4/9/2022,0.974
F000319,INV03,4/16/2022,0.972
F000320,INV03,4/23/2022,0.97
F000321,INV03,4/30/2022,0.968
F000322,INV03,5/7/2022,0.966
F000323,INV03,5/14/2022,0.964
F000324,INV03,5/21/2022,0.962
F000325,INV03,5/28/2022,0.96
F000326,INV03,6/4/2022,0.958
F000327,INV03,6/11/2022,0.956
F000328,INV03,6/18/2022,0.954
F000329,INV03,6/25/2022,0.952
F000330,INV03,7/2/2022,0.95
F000331,INV03,7/9/2022,0.948
F000332,INV03,7/16/2022,0.946
F000333,INV03,7/23/2022,0.944
F000334,INV03,7/30/2022,0.942
F000335,INV03,8/6/2022,0.94
F000336,INV03,8/13/2022,0.938
F000337,INV03,8/20/2022,0.936
F000338,INV03,8/27/2022,0.934
F000339,INV03,9/3/2022,0.932
F000340,INV03,9/10/2022,0.93
F000341,INV03,9/17/2022,0.928
F000342,INV03,9/24/2022,0.926
F000343,INV03,10/1/2022,0.924
F000344,INV03,10/8/2022,0.922
F000345,INV03,10/15/2022,0.92
F000346,INV03,10/22/2022,0.918
F000347,INV03,10/29/2022,0.916
F000348,INV03,11/5/2022,0.914
F000349,INV03,11/12/2022,0.912
F000350,INV03,11/19/2022,0.91
F000351,INV03,11/26/2022,0.908
F000352,INV03,12/3/2022,0.906
F000353,INV03,12/10/2022,0.904
F000354,INV03,12/17/2022,0.902
F000355,INV03,12/24/2022,0.9
F000356,INV03,12/31/2022,0.898
F000357,INV03,1/7/2023,0.896
F000358,INV03,1/14/2023,0.894
F000359,INV03,1/21/2023,0.892
F000360,INV03,1/28/2023,0.89
F000361,INV03,2/4/2023,0.888
F000362,INV03,2/11/2023,0.886
F000363,INV03,2/18/2023,0.884
F000364,INV03,2/25/2023,0.882
F000365,INV03,3/4/2023,0.88
F000366,INV03,3/11/2023,0.878
F000367,INV03,3/18/2023,0.876
F000368,INV03,3/25/2023,0.874
F000369,INV03,4/1/2023,0.872
F000370,INV03,4/8/2023,0.87
F000371,INV03,4/15/2023,0.868
F000372,INV03,4/22/2023,0.866
F000373,INV03,4/29/2023,0.864
F000374,INV03,5/6/2023,0.862
F000375,INV03,5/13/2023,0.86
F000376,INV03,5/20/2023,0.858
F000377,INV03,5/27/2023,0.856
F000378,INV03,6/3/2023,0.854
F000379,INV03,6/10/2023,0.852
F000380,INV03,6/17/2023,0.85
F000381,INV03,6/24/2023,0.848
F000382,INV03,7/1/2023,0.846
F000383,INV03,7/8/2023,0.844
F000384,INV03,7/15/2023,0.842
F000385,INV03,7/22/2023,0.84
F000386,INV03,7/29/2023,0.838
F000387,INV03,8/5/2023,0.836
F000388,INV03,8/12/2023,0.834
F000389,INV03,8/19/2023,0.832
F000390,INV03,8/26/2023,0.83
F000391,INV03,9/2/2023,0.828
F000392,INV03,9/9/2023,0.826
F000393,INV03,9/16/2023,0.824
F000394,INV03,9/23/2023,0.822
F000395,INV03,9/30/2023,0.82
F000396,INV03,10/7/2023,0.818
F000397,INV03,10/14/2023,0.816
F000398,INV03,10/21/2023,0.814
F000399,INV03,10/28/2023,0.812
F000400,INV03,11/4/2023,0.81
F000401,INV03,11/11/2023,0.808
F000402,INV03,11/18/2023,0.806
F000403,INV03,11/25/2023,0.804
F000404,INV03,12/2/2023,0.802
F000405,INV03,12/9/2023,0.8
F000406,INV03,12/16/2023,0.798
F000407,INV03,12/23/2023,0.796
F000408,INV03,12/30/2023,0.794
F000409,INV03,1/6/2024,0.792
F000410,INV03,1/13/2024,0.79
F000411,INV03,1/20/2024,0.788
F000412,INV03,1/27/2024,0.786
F000413,INV03,2/3/2024,0.784
F000414,INV03,2/10/2024,0.782
F000415,INV03,2/17/2024,0.78
F000416,INV03,2/24/2024,0.778
F000417,INV03,3/2/2024,0.776
F000418,INV03,3/9/2024,0.774
F000419,INV03,3/16/2024,0.772
F000420,INV03,3/23/2024,0.77
F000421,INV03,3/30/2024,0.768
F000422,INV03,4/6/2024,0.766
F000423,INV03,4/13/2024,0.764
F000424,INV03,4/20/2024,0.762
F000425,INV03,4/27/2024,0.76
F000426,INV03,5/4/2024,0.758
F000427,INV03,5/11/2024,0.756
F000428,INV03,5/18/2024,0.754
F000429,INV03,5/25/2024,0.752
F000430,INV03,6/1/2024,0.75
F000431,INV03,6/8/2024,0.748
F000432,INV03,6/15/2024,0.746
F000433,INV03,6/22/2024,0.744
F000434,INV03,6/29/2024,0.742
F000435,INV03,7/6/2024,0.74
F000436,INV03,7/13/2024,0.738
F000437,INV03,7/20/2024,0.736
F000438,INV03,7/27/2024,0.734
F000439,INV03,8/3/2024,0.732
F000440,INV03,8/10/2024,0.73
F000441,INV03,8/17/2024,0.728
F000442,INV03,8/24/2024,0.726
F000443,INV03,8/31/2024,0.724
F000444,INV03,9/7/2024,0.722
F000445,INV03,9/14/2024,0.72
F000446,INV03,9/21/2024,0.718
F000447,INV03,9/28/2024,0.716
F000448,INV03,10/5/2024,0.714
F000449,INV03,10/12/2024,0.712
F000450,INV03,10/19/2024,0.71
F000451,INV03,10/26/2024,0.708
F000452,INV03,11/2/2024,0.706
F000453,INV03,11/9/2024,0.704
F000454,INV03,11/16/2024,0.702
F000455,INV03,11/23/2024,0.7
F000456,INV03,11/30/2024,0.698
F000457,INV03,12/7/2024,0.696
F000458,INV04,12/14/2024,1
F000459,INV04,12/21/2024,1
F000460,INV04,12/28/2024,1
F000461,INV04,1/1/2022,0.9985
F000462,INV04,1/8/2022,0.997
F000463,INV04,1/15/2022,0.9955
F000464,INV04,1/22/2022,0.994
F000465,INV04,1/29/2022,0.9925
F000466,INV04,2/5/2022,0.991
F000467,INV04,2/12/2022,0.9895
F000468,INV04,2/19/2022,0.988
F000469,INV04,2/26/2022,0.986500000000001
F000470,INV04,3/5/2022,0.985000000000001
F000471,INV04,3/12/2022,0.983500000000001
F000472,INV04,3/19/2022,0.982000000000001
F000473,INV04,3/26/2022,0.980500000000001
F000474,INV04,4/2/2022,0.979000000000001
F000475,INV04,4/9/2022,0.977500000000001
F000476,INV04,4/16/2022,0.976000000000001
F000477,INV04,4/23/2022,0.974500000000001
F000478,INV04,4/30/2022,0.973000000000001
F000479,INV04,5/7/2022,0.971500000000001
F000480,INV04,5/14/2022,0.970000000000001
F000481,INV04,5/21/2022,0.968500000000001
F000482,INV04,5/28/2022,0.967000000000001
F000483,INV04,6/4/2022,0.965500000000001
F000484,INV04,6/11/2022,0.964000000000001
F000485,INV04,6/18/2022,0.962500000000001
F000486,INV04,6/25/2022,0.961000000000001
F000487,INV04,7/2/2022,0.959500000000002
F000488,INV04,7/9/2022,0.958000000000002
F000489,INV04,7/16/2022,0.956500000000002
F000490,INV04,7/23/2022,0.955000000000002
F000491,INV04,7/30/2022,0.953500000000002
F000492,INV04,8/6/2022,0.952000000000002
F000493,INV04,8/13/2022,0.950500000000002
F000494,INV04,8/20/2022,0.949000000000002
F000495,INV04,8/27/2022,0.947500000000002
F000496,INV04,9/3/2022,0.946000000000002
F000497,INV04,9/10/2022,0.944500000000002
F000498,INV04,9/17/2022,0.943000000000002
F000499,INV04,9/24/2022,0.941500000000002
F000500,INV04,10/1/2022,0.940000000000002
F000501,INV04,10/8/2022,0.938500000000002
F000502,INV04,10/15/2022,0.937000000000002
F000503,INV04,10/22/2022,0.935500000000002
F000504,INV04,10/29/2022,0.934000000000002
F000505,INV04,11/5/2022,0.932500000000002
F000506,INV04,11/12/2022,0.931000000000003
F000507,INV04,11/19/2022,0.929500000000003
F000508,INV04,11/26/2022,0.928000000000003
F000509,INV04,12/3/2022,0.926500000000003
F000510,INV04,12/10/2022,0.925000000000003
F000511,INV04,12/17/2022,0.923500000000003
F000512,INV04,12/24/2022,0.922000000000003
F000513,INV04,12/31/2022,0.920500000000003
F000514,INV04,1/7/2023,0.919000000000003
F000515,INV04,1/14/2023,0.917500000000003
F000516,INV04,1/21/2023,0.916000000000003
F000517,INV04,1/28/2023,0.914500000000003
F000518,INV04,2/4/2023,0.913000000000003
F000519,INV04,2/11/2023,0.911500000000003
F000520,INV04,2/18/2023,0.910000000000003
F000521,INV04,2/25/2023,0.908500000000003
F000522,INV04,3/4/2023,0.907000000000003
F000523,INV04,3/11/2023,0.905500000000003
F000524,INV04,3/18/2023,0.904000000000004
F000525,INV04,3/25/2023,0.902500000000004
F000526,INV04,4/1/2023,0.901000000000004
F000527,INV04,4/8/2023,0.899500000000004
F000528,INV04,4/15/2023,0.898000000000004
F000529,INV04,4/22/2023,0.896500000000004
F000530,INV04,4/29/2023,0.895000000000004
F000531,INV04,5/6/2023,0.893500000000004
F000532,INV04,5/13/2023,0.892000000000004
F000533,INV04,5/20/2023,0.890500000000004
F000534,INV04,5/27/2023,0.889000000000004
F000535,INV04,6/3/2023,0.887500000000004
F000536,INV04,6/10/2023,0.886000000000004
F000537,INV04,6/17/2023,0.884500000000004
F000538,INV04,6/24/2023,0.883000000000004
F000539,INV04,7/1/2023,0.881500000000004
F000540,INV04,7/8/2023,0.880000000000004
F000541,INV04,7/15/2023,0.878500000000004
F000542,INV04,7/22/2023,0.877000000000004
F000543,INV04,7/29/2023,0.875500000000005
F000544,INV04,8/5/2023,0.874000000000005
F000545,INV04,8/12/2023,0.872500000000005
F000546,INV04,8/19/2023,0.871000000000005
F000547,INV04,8/26/2023,0.869500000000005
F000548,INV04,9/2/2023,0.868000000000005
F000549,INV04,9/9/2023,0.866500000000005
F000550,INV04,9/16/2023,0.865000000000005
F000551,INV04,9/23/2023,0.863500000000005
F000552,INV04,9/30/2023,0.862000000000005
F000553,INV04,10/7/2023,0.860500000000005
F000554,INV04,10/14/2023,0.859000000000005
F000555,INV04,10/21/2023,0.857500000000005
F000556,INV04,10/28/2023,0.856000000000005
F000557,INV04,11/4/2023,0.854500000000005
F000558,INV04,11/11/2023,0.853000000000005
F000559,INV04,11/18/2023,0.851500000000005
F000560,INV04,11/25/2023,0.850000000000005
F000561,INV04,12/2/2023,0.848500000000006
F000562,INV04,12/9/2023,0.847000000000006
F000563,INV04,12/16/2023,0.845500000000006
F000564,INV04,12/23/2023,0.844000000000006
F000565,INV04,12/30/2023,0.842500000000006
F000566,INV04,1/6/2024,0.841000000000006
F000567,INV04,1/13/2024,0.839500000000006
F000568,INV04,1/20/2024,0.838000000000006
F000569,INV04,1/27/2024,0.836500000000006
F000570,INV04,2/3/2024,0.835000000000006
F000571,INV04,2/10/2024,0.833500000000006
F000572,INV04,2/17/2024,0.832000000000006
F000573,INV04,2/24/2024,0.830500000000006
F000574,INV04,3/2/2024,0.829000000000006
F000575,INV04,3/9/2024,0.827500000000006
F000576,INV04,3/16/2024,0.826000000000006
F000577,INV04,3/23/2024,0.824500000000006
F000578,INV04,3/30/2024,0.823000000000006
F000579,INV04,4/6/2024,0.821500000000006
F000580,INV04,4/13/2024,0.820000000000007
F000581,INV04,4/20/2024,0.818500000000007
F000582,INV04,4/27/2024,0.817000000000007
F000583,INV04,5/4/2024,0.815500000000007
F000584,INV04,5/11/2024,0.814000000000007
F000585,INV04,5/18/2024,0.812500000000007
F000586,INV04,5/25/2024,0.811000000000007
F000587,INV04,6/1/2024,0.809500000000007
F000588,INV04,6/8/2024,0.808000000000007
F000589,INV04,6/15/2024,0.806500000000007
F000590,INV04,6/22/2024,0.805000000000007
F000591,INV04,6/29/2024,0.803500000000007
F000592,INV04,7/6/2024,0.802000000000007
F000593,INV04,7/13/2024,0.800500000000007
F000594,INV04,7/20/2024,0
F000595,INV04,7/27/2024,1
F000596,INV04,8/3/2024,0.9985
F000597,INV04,8/10/2024,0.997
F000598,INV04,8/17/2024,0.9955
F000599,INV04,8/24/2024,0.994
F000600,INV04,8/31/2024,0.9925
F000601,INV04,9/7/2024,0.991
F000602,INV04,9/14/2024,0.9895
F000603,INV04,9/21/2024,0.988
F000604,INV04,9/28/2024,0.986500000000001
F000605,INV04,10/5/2024,0.985000000000001
F000606,INV04,10/12/2024,0.983500000000001
F000607,INV05,1/1/2022,1
F000608,INV05,1/8/2022,0.9986
F000609,INV05,1/15/2022,0.9972
F000610,INV05,1/22/2022,0.9958
F000611,INV05,1/29/2022,0.9944
F000612,INV05,2/5/2022,0.993
F000613,INV05,2/12/2022,0.9916
F000614,INV05,2/19/2022,0.9902
F000615,INV05,2/26/2022,0.9888
F000616,INV05,3/5/2022,0.9874
F000617,INV05,3/12/2022,0.986
F000618,INV05,3/19/2022,0.984600000000001
F000619,INV05,3/26/2022,0.983200000000001
F000620,INV05,4/2/2022,0.981800000000001
F000621,INV05,4/9/2022,0.980400000000001
F000622,INV05,4/16/2022,0.979000000000001
F000623,INV05,4/23/2022,0.977600000000001
F000624,INV05,4/30/2022,0.976200000000001
F000625,INV05,5/7/2022,0.974800000000001
F000626,INV05,5/14/2022,0.973400000000001
F000627,INV05,5/21/2022,0.972000000000001
F000628,INV05,5/28/2022,0.970600000000001
F000629,INV05,6/4/2022,0.969200000000001
F000630,INV05,6/11/2022,0.967800000000001
F000631,INV05,6/18/2022,0.966400000000001
F000632,INV05,6/25/2022,0.965000000000001
F000633,INV05,7/2/2022,0.963600000000001
F000634,INV05,7/9/2022,0.962200000000001
F000635,INV05,7/16/2022,0.960800000000001
F000636,INV05,7/23/2022,0.959400000000001
F000637,INV05,7/30/2022,0.958000000000001
F000638,INV05,8/6/2022,0.956600000000001
F000639,INV05,8/13/2022,0.955200000000001
F000640,INV05,8/20/2022,0.953800000000001
F000641,INV05,8/27/2022,0.952400000000002
F000642,INV05,9/3/2022,0.951000000000002
F000643,INV05,9/10/2022,0.949600000000002
F000644,INV05,9/17/2022,0.948200000000002
F000645,INV05,9/24/2022,0.946800000000002
F000646,INV05,10/1/2022,0.945400000000002
F000647,INV05,10/8/2022,0.944000000000002
F000648,INV05,10/15/2022,0.942600000000002
F000649,INV05,10/22/2022,0.941200000000002
F000650,INV05,10/29/2022,0.939800000000002
F000651,INV05,11/5/2022,0.938400000000002
F000652,INV05,11/12/2022,0.937000000000002
F000653,INV05,11/19/2022,0.935600000000002
F000654,INV05,11/26/2022,0.934200000000002
F000655,INV05,12/3/2022,0.932800000000002
F000656,INV05,12/10/2022,0.931400000000002
F000657,INV05,12/17/2022,0.930000000000002
F000658,INV05,12/24/2022,0.928600000000002
F000659,INV05,12/31/2022,0.927200000000002
F000660,INV05,1/7/2023,0.925800000000002
F000661,INV05,1/14/2023,0.924400000000002
F000662,INV05,1/21/2023,0.923000000000002
F000663,INV05,1/28/2023,0.921600000000002
F000664,INV05,2/4/2023,0.920200000000003
F000665,INV05,2/11/2023,0.918800000000003
F000666,INV05,2/18/2023,0.917400000000003
F000667,INV05,2/25/2023,0.916000000000003
F000668,INV05,3/4/2023,0.914600000000003
F000669,INV05,3/11/2023,0.913200000000003
F000670,INV05,3/18/2023,0.911800000000003
F000671,INV05,3/25/2023,0.910400000000003
F000672,INV05,4/1/2023,0.909000000000003
F000673,INV05,4/8/2023,0.907600000000003
F000674,INV05,4/15/2023,0.906200000000003
F000675,INV05,4/22/2023,0.904800000000003
F000676,INV05,4/29/2023,0.903400000000003
F000677,INV05,5/6/2023,0.902000000000003
F000678,INV05,5/13/2023,0.900600000000003
F000679,INV05,5/20/2023,0.899200000000003
F000680,INV05,5/27/2023,0.897800000000003
F000681,INV05,6/3/2023,0.896400000000003
F000682,INV05,6/10/2023,0.895000000000003
F000683,INV05,6/17/2023,0.893600000000003
F000684,INV05,6/24/2023,0.892200000000003
F000685,INV05,7/1/2023,0.890800000000003
F000686,INV05,7/8/2023,0.889400000000003
F000687,INV05,7/15/2023,0.888000000000004
F000688,INV05,7/22/2023,0.886600000000004
F000689,INV05,7/29/2023,0.885200000000004
F000690,INV05,8/5/2023,0.883800000000004
F000691,INV05,8/12/2023,0.882400000000004
F000692,INV05,8/19/2023,0.881000000000004
F000693,INV05,8/26/2023,0.879600000000004
F000694,INV05,9/2/2023,0.878200000000004
F000695,INV05,9/9/2023,0.876800000000004
F000696,INV05,9/16/2023,0.875400000000004
F000697,INV05,9/23/2023,0.874000000000004
F000698,INV05,9/30/2023,0.872600000000004
F000699,INV05,10/7/2023,0.871200000000004
F000700,INV05,10/14/2023,0.869800000000004
F000701,INV05,10/21/2023,0.868400000000004
F000702,INV05,10/28/2023,0.867000000000004
F000703,INV05,11/4/2023,0.865600000000004
F000704,INV05,11/11/2023,0.864200000000004
F000705,INV05,11/18/2023,0.862800000000004
F000706,INV05,11/25/2023,0.861400000000004
F000707,INV05,12/2/2023,0.860000000000004
F000708,INV05,12/9/2023,0.858600000000004
F000709,INV05,12/16/2023,0.857200000000004
F000710,INV05,12/23/2023,0.855800000000004
F000711,INV05,12/30/2023,0.854400000000005
F000712,INV05,1/6/2024,0.853000000000005
F000713,INV05,1/13/2024,0.851600000000005
F000714,INV05,1/20/2024,0.850200000000005
F000715,INV05,1/27/2024,0.848800000000005
F000716,INV05,2/3/2024,0.847400000000005
F000717,INV05,2/10/2024,0.846000000000005
F000718,INV05,2/17/2024,0.844600000000005
F000719,INV05,2/24/2024,0.843200000000005
F000720,INV05,3/2/2024,0.841800000000005
F000721,INV05,3/9/2024,0.840400000000005
F000722,INV05,3/16/2024,0.839000000000005
F000723,INV05,3/23/2024,0.837600000000005
F000724,INV05,3/30/2024,0.836200000000005
F000725,INV05,4/6/2024,0.834800000000005
F000726,INV05,4/13/2024,0.833400000000005
F000727,INV05,4/20/2024,0.832000000000005
F000728,INV05,4/27/2024,0.830600000000005
F000729,INV05,5/4/2024,0.829200000000005
F000730,INV05,5/11/2024,0.827800000000005
F000731,INV05,5/18/2024,0.826400000000005
F000732,INV05,5/25/2024,0.825000000000005
F000733,INV05,6/1/2024,0.823600000000005
F000734,INV05,6/8/2024,0.822200000000006
F000735,INV05,6/15/2024,0.820800000000006
F000736,INV05,6/22/2024,0.819400000000006
F000737,INV05,6/29/2024,0.818000000000006
F000738,INV05,7/6/2024,0.816600000000006
F000739,INV05,7/13/2024,0.815200000000006
F000740,INV05,7/20/2024,0.813800000000006
F000741,INV05,7/27/2024,0.812400000000006
F000742,INV05,8/3/2024,0.811000000000006
F000743,INV05,8/10/2024,0.809600000000006
F000744,INV05,8/17/2024,0.808200000000006
F000745,INV05,8/24/2024,0.806800000000006
F000746,INV05,8/31/2024,0.805400000000006
F000747,INV05,9/7/2024,0.804000000000006
F000748,INV05,9/14/2024,0.802600000000006
F000749,INV05,9/21/2024,0.801200000000006
F000750,INV05,9/28/2024,0.799800000000006
F000751,INV05,10/5/2024,0.798400000000006
F000752,INV05,10/12/2024,0.9281
F000753,INV05,10/19/2024,0.9267
F000754,INV05,10/26/2024,0.9253
F000755,INV05,11/2/2024,0.9239
F000756,INV05,11/9/2024,0.9225
F000757,INV05,11/16/2024,0.9211
F000758,INV05,11/23/2024,0.9197
F000759,INV05,11/30/2024,0.9183
F000760,INV05,12/7/2024,0.9169
F000761,INV05,12/14/2024,0.9155
F000762,INV05,12/21/2024,0.914100000000001
F000763,INV05,12/28/2024,0.912700000000001
F000764,INV06,1/1/2022,1
F000765,INV06,1/8/2022,0.9984
F000766,INV06,1/15/2022,0.9968
F000767,INV06,1/22/2022,0.9952
F000768,INV06,1/29/2022,0.9936
F000769,INV06,2/5/2022,0.992
F000770,INV06,2/12/2022,0.9904
F000771,INV06,2/19/2022,0.9888
F000772,INV06,2/26/2022,0.9872
F000773,INV06,3/5/2022,0.9856
F000774,INV06,3/12/2022,0.984
F000775,INV06,3/19/2022,0.9824
F000776,INV06,3/26/2022,0.9808
F000777,INV06,4/2/2022,0.979199999999999
F000778,INV06,4/9/2022,0.977599999999999
F000779,INV06,4/16/2022,0.975999999999999
F000780,INV06,4/23/2022,0.974399999999999
F000781,INV06,4/30/2022,0.972799999999999
F000782,INV06,5/7/2022,0.971199999999999
F000783,INV06,5/14/2022,0.969599999999999
F000784,INV06,5/21/2022,0.967999999999999
F000785,INV06,5/28/2022,0.966399999999999
F000786,INV06,6/4/2022,0.964799999999999
F000787,INV06,6/11/2022,0.963199999999999
F000788,INV06,6/18/2022,0.961599999999999
F000789,INV06,6/25/2022,0.959999999999999
F000790,INV06,7/2/2022,0.958399999999999
F000791,INV06,7/9/2022,0.956799999999999
F000792,INV06,7/16/2022,0.955199999999999
F000793,INV06,7/23/2022,0.953599999999999
F000794,INV06,7/30/2022,0.951999999999999
F000795,INV06,8/6/2022,0.950399999999999
F000796,INV06,8/13/2022,0.948799999999999
F000797,INV06,8/20/2022,0.947199999999999
F000798,INV06,8/27/2022,0.945599999999998
F000799,INV06,9/3/2022,0.943999999999998
F000800,INV06,9/10/2022,0.942399999999998
F000801,INV06,9/17/2022,0.940799999999998
F000802,INV06,9/24/2022,0.939199999999998
F000803,INV06,10/1/2022,0.937599999999998
F000804,INV06,10/8/2022,0.935999999999998
F000805,INV06,10/15/2022,0.934399999999998
F000806,INV06,10/22/2022,0.932799999999998
F000807,INV06,10/29/2022,0.931199999999998
F000808,INV06,11/5/2022,0.929599999999998
F000809,INV06,11/12/2022,0.927999999999998
F000810,INV06,11/19/2022,0.926399999999998
F000811,INV06,11/26/2022,0.924799999999998
F000812,INV06,12/3/2022,0.923199999999998
F000813,INV06,12/10/2022,0.921599999999998
F000814,INV06,12/17/2022,0.919999999999998
F000815,INV06,12/24/2022,0.918399999999998
F000816,INV06,12/31/2022,0.916799999999998
F000817,INV06,1/7/2023,0.915199999999998
F000818,INV06,1/14/2023,0.913599999999998
F000819,INV06,1/21/2023,0.911999999999998
F000820,INV06,1/28/2023,0.910399999999997
F000821,INV06,2/4/2023,0.908799999999997
F000822,INV06,2/11/2023,0.907199999999997
F000823,INV06,2/18/2023,0.905599999999997
F000824,INV06,2/25/2023,0.903999999999997
F000825,INV06,3/4/2023,0.902399999999997
F000826,INV06,3/11/2023,0.900799999999997
F000827,INV06,3/18/2023,0.899199999999997
F000828,INV06,3/25/2023,0.897599999999997
F000829,INV06,4/1/2023,0.895999999999997
F000830,INV06,4/8/2023,0.894399999999997
F000831,INV06,4/15/2023,0.892799999999997
F000832,INV06,4/22/2023,0.891199999999997
F000833,INV06,4/29/2023,0.889599999999997
F000834,INV06,5/6/2023,0.887999999999997
F000835,INV06,5/13/2023,0.886399999999997
F000836,INV06,5/20/2023,0.884799999999997
F000837,INV06,5/27/2023,0.883199999999997
F000838,INV06,6/3/2023,0.881599999999997
F000839,INV06,6/10/2023,0.879999999999997
F000840,INV06,6/17/2023,0.878399999999997
F000841,INV06,6/24/2023,0.876799999999997
F000842,INV06,7/1/2023,0.875199999999996
F000843,INV06,7/8/2023,0.873599999999996
F000844,INV06,7/15/2023,0.871999999999996
F000845,INV06,7/22/2023,0.870399999999996
F000846,INV06,7/29/2023,0.868799999999996
F000847,INV06,8/5/2023,0.867199999999996
F000848,INV06,8/12/2023,0.865599999999996
F000849,INV06,8/19/2023,0.863999999999996
F000850,INV06,8/26/2023,0.862399999999996
F000851,INV06,9/2/2023,0.860799999999996
F000852,INV06,9/9/2023,1
F000853,INV06,9/16/2023,0.9984
F000854,INV06,9/23/2023,0.9968
F000855,INV06,9/30/2023,0.9952
F000856,INV06,10/7/2023,0.9936
F000857,INV06,10/14/2023,0.992
F000858,INV06,10/21/2023,0.9904
F000859,INV06,10/28/2023,0.9888
F000860,INV06,11/4/2023,0.9872
F000861,INV06,11/11/2023,0.9856
F000862,INV06,11/18/2023,0.984
F000863,INV06,11/25/2023,0.9824
F000864,INV06,12/2/2023,0.9808
F000865,INV06,12/9/2023,0.979199999999999
F000866,INV06,12/16/2023,0.977599999999999
F000867,INV06,12/23/2023,0.975999999999999
F000868,INV06,12/30/2023,0.974399999999999
F000869,INV06,1/6/2024,0.972799999999999
F000870,INV06,1/13/2024,0.971199999999999
F000871,INV06,1/20/2024,0.969599999999999
F000872,INV06,1/27/2024,0.967999999999999
F000873,INV06,2/3/2024,0.966399999999999
F000874,INV06,2/10/2024,0.964799999999999
F000875,INV06,2/17/2024,0.963199999999999
F000876,INV06,2/24/2024,0.961599999999999
F000877,INV06,3/2/2024,0.959999999999999
F000878,INV06,3/9/2024,0.958399999999999
F000879,INV06,3/16/2024,0.956799999999999
F000880,INV06,3/23/2024,0.955199999999999
F000881,INV06,3/30/2024,0.953599999999999
F000882,INV06,4/6/2024,0.951999999999999
F000883,INV06,4/13/2024,0.950399999999999
F000884,INV06,4/20/2024,0.948799999999999
F000885,INV06,4/27/2024,0.947199999999999
F000886,INV06,5/4/2024,0.945599999999998
F000887,INV06,5/11/2024,0.943999999999998
F000888,INV06,5/18/2024,0.942399999999998
F000889,INV06,5/25/2024,0.940799999999998
F000890,INV06,6/1/2024,0.939199999999998
F000891,INV06,6/8/2024,0.937599999999998
F000892,INV06,6/15/2024,0.935999999999998
F000893,INV06,6/22/2024,0.934399999999998
F000894,INV06,6/29/2024,0.932799999999998
F000895,INV06,7/6/2024,0.931199999999998
F000896,INV06,7/13/2024,0.929599999999998
F000897,INV06,7/20/2024,0.927999999999998
F000898,INV06,7/27/2024,0.926399999999998
F000899,INV06,8/3/2024,0.924799999999998
F000900,INV06,8/10/2024,0.923199999999998
F000901,INV06,8/17/2024,0.921599999999998
F000902,INV06,8/24/2024,0.919999999999998
F000903,INV06,8/31/2024,0.918399999999998
F000904,INV06,9/7/2024,0.916799999999998
F000905,INV06,9/14/2024,0.915199999999998
F000906,INV06,9/21/2024,0.913599999999998
F000907,INV06,9/28/2024,0.911999999999998
F000908,INV06,10/5/2024,0.910399999999997
F000909,INV06,10/12/2024,0.908799999999997
F000910,STR01,1/1/2022,1
F000911,STR01,1/8/2022,0.999
F000912,STR01,1/15/2022,0.998
F000913,STR01,1/22/2022,0.997
F000914,STR01,1/29/2022,0.996
F000915,STR01,2/5/2022,0.995
F000916,STR01,2/12/2022,0.994
F000917,STR01,2/19/2022,0.993
F000918,STR01,2/26/2022,0.992
F000919,STR01,3/5/2022,0.991
F000920,STR01,3/12/2022,0.99
F000921,STR01,3/19/2022,0.989
F000922,STR01,3/26/2022,0.988
F000923,STR01,4/2/2022,0.987
F000924,STR01,4/9/2022,0.986
F000925,STR01,4/16/2022,0.985
F000926,STR01,4/23/2022,0.984
F000927,STR01,4/30/2022,0.983
F000928,STR01,5/7/2022,0.982
F000929,STR01,5/14/2022,0.981
F000930,STR01,5/21/2022,0.98
F000931,STR01,5/28/2022,0.979
F000932,STR01,6/4/2022,0.978
F000933,STR01,6/11/2022,0.977
F000934,STR01,6/18/2022,0.976
F000935,STR01,6/25/2022,0.975
F000936,STR01,7/2/2022,0.974
F000937,STR01,7/9/2022,0.973
F000938,STR01,7/16/2022,0.972
F000939,STR01,7/23/2022,0.971
F000940,STR01,7/30/2022,0.97
F000941,STR01,8/6/2022,0.969
F000942,STR01,8/13/2022,0.968
F000943,STR01,8/20/2022,0.967
F000944,STR01,8/27/2022,0.966
F000945,STR01,9/3/2022,0.965
F000946,STR01,9/10/2022,0.964
F000947,STR01,9/17/2022,0.963
F000948,STR01,9/24/2022,0.962
F000949,STR01,10/1/2022,0.961
F000950,STR01,10/8/2022,0.96
F000951,STR01,10/15/2022,0.959
F000952,STR01,10/22/2022,0.958
F000953,STR01,10/29/2022,0.957
F000954,STR01,11/5/2022,0.956
F000955,STR01,11/12/2022,0.955
F000956,STR01,11/19/2022,0.954
F000957,STR01,11/26/2022,0.953
F000958,STR01,12/3/2022,0.952
F000959,STR01,12/10/2022,0.951
F000960,STR01,12/17/2022,0.95
F000961,STR01,12/24/2022,0.949
F000962,STR01,12/31/2022,0.948
F000963,STR01,1/7/2023,0.947
F000964,STR01,1/14/2023,0.946
F000965,STR01,1/21/2023,0.945
F000966,STR01,1/28/2023,0.944
F000967,STR01,2/4/2023,0.943
F000968,STR01,2/11/2023,0.942
F000969,STR01,2/18/2023,0.941
F000970,STR01,2/25/2023,0.94
F000971,STR01,3/4/2023,0.939
F000972,STR01,3/11/2023,0.938
F000973,STR01,3/18/2023,0.937
F000974,STR01,3/25/2023,0.936
F000975,STR01,4/1/2023,0.935
F000976,STR01,4/8/2023,0.934
F000977,STR01,4/15/2023,0.933
F000978,STR01,4/22/2023,0.932
F000979,STR01,4/29/2023,0.931
F000980,STR01,5/6/2023,0.93
F000981,STR01,5/13/2023,0.929
F000982,STR01,5/20/2023,0.928
F000983,STR01,5/27/2023,0.927
F000984,STR01,6/3/2023,0
F000985,STR01,6/10/2023,1
F000986,STR01,6/17/2023,0.999
F000987,STR01,6/24/2023,0.998
F000988,STR01,7/1/2023,0.997
F000989,STR01,7/8/2023,0.996
F000990,STR01,7/15/2023,0.995
F000991,STR01,7/22/2023,0.994
F000992,STR01,7/29/2023,0.993
F000993,STR01,8/5/2023,0.992
F000994,STR01,8/12/2023,0.991
F000995,STR01,8/19/2023,0.99
F000996,STR01,8/26/2023,0.989
F000997,STR01,9/2/2023,0.988
F000998,STR01,9/9/2023,0.987
F000999,STR01,9/16/2023,0.986
F001000,STR01,9/23/2023,0.985
F001001,STR01,9/30/2023,0.984
F001002,STR01,10/7/2023,0.983
F001003,STR01,10/14/2023,0.982
F001004,STR01,10/21/2023,0.981
F001005,STR01,10/28/2023,0.98
F001006,STR01,11/4/2023,0.979
F001007,STR01,11/11/2023,0.978
F001008,STR01,11/18/2023,0.977
F001009,STR01,11/25/2023,0.976
F001010,STR01,12/2/2023,0.975
F001011,STR01,12/9/2023,0.974
F001012,STR01,12/16/2023,0.973
F001013,STR01,12/23/2023,0.972
F001014,STR01,12/30/2023,0.971
F001015,STR01,1/6/2024,0.97
F001016,STR01,1/13/2024,0.969
F001017,STR01,1/20/2024,0.968
F001018,STR01,1/27/2024,0.967
F001019,STR01,2/3/2024,0.966
F001020,STR01,2/10/2024,0.965
F001021,STR01,2/17/2024,0.964
F001022,STR01,2/24/2024,0.963
F001023,STR01,3/2/2024,0.962
F001024,STR01,3/9/2024,0.961
F001025,STR01,3/16/2024,0.96
F001026,STR01,3/23/2024,0.959
F001027,STR01,3/30/2024,0.958
F001028,STR01,4/6/2024,0.957
F001029,STR01,4/13/2024,0.956
F001030,STR01,4/20/2024,0.955
F001031,STR01,4/27/2024,0.954
F001032,STR01,5/4/2024,0.953
F001033,STR01,5/11/2024,0.952
F001034,STR01,5/18/2024,0.951
F001035,STR01,5/25/2024,0.95
F001036,STR01,6/1/2024,0.949
F001037,STR01,6/8/2024,0.948
F001038,STR01,6/15/2024,0.947
F001039,STR01,6/22/2024,0.946
F001040,STR01,6/29/2024,0.945
F001041,STR01,7/6/2024,0.944
F001042,STR01,7/13/2024,0.943
F001043,STR01,7/20/2024,0.942
F001044,STR01,7/27/2024,0.941
F001045,STR01,8/3/2024,0.94
F001046,STR01,8/10/2024,0.939
F001047,STR01,8/17/2024,0.938
F001048,STR01,8/24/2024,0.937
F001049,STR01,8/31/2024,0.936
F001050,STR01,9/7/2024,0.935
F001051,STR01,9/14/2024,0.934
F001052,STR01,9/21/2024,0.933
F001053,STR01,9/28/2024,0.932
F001054,STR01,10/5/2024,0.931
F001055,STR01,10/12/2024,0.93
F001056,STR01,10/19/2024,0.929
F001057,STR01,10/26/2024,0.928
F001058,STR01,11/2/2024,0.927
F001059,STR01,11/9/2024,0.926
F001060,STR01,11/16/2024,0.925
F001061,STR01,11/23/2024,0.924
F001062,STR01,11/30/2024,0.923
F001063,STR01,12/7/2024,0.922
F001064,STR01,12/14/2024,0.921
F001065,STR01,12/21/2024,0.92
F001066,STR01,12/28/2024,0.919
F001067,STR02,1/1/2022,1
F001068,STR02,1/8/2022,1
F001069,STR02,1/15/2022,1
F001070,STR02,1/22/2022,0.9988
F001071,STR02,1/29/2022,0.9976
F001072,STR02,2/5/2022,0.9964
F001073,STR02,2/12/2022,0.9952
F001074,STR02,2/19/2022,0.994
F001075,STR02,2/26/2022,0.9928
F001076,STR02,3/5/2022,0.9916
F001077,STR02,3/12/2022,0.9904
F001078,STR02,3/19/2022,0.9892
F001079,STR02,3/26/2022,0.988
F001080,STR02,4/2/2022,0.9868
F001081,STR02,4/9/2022,0.9856
F001082,STR02,4/16/2022,0.9844
F001083,STR02,4/23/2022,0.9832
F001084,STR02,4/30/2022,0.982
F001085,STR02,5/7/2022,0.9808
F001086,STR02,5/14/2022,0.9796
F001087,STR02,5/21/2022,0.9784
F001088,STR02,5/28/2022,0.9772
F001089,STR02,6/4/2022,0.976
F001090,STR02,6/11/2022,0.9748
F001091,STR02,6/18/2022,0.973600000000001
F001092,STR02,6/25/2022,0.972400000000001
F001093,STR02,7/2/2022,0.971200000000001
F001094,STR02,7/9/2022,0.970000000000001
F001095,STR02,7/16/2022,0.968800000000001
F001096,STR02,7/23/2022,0.967600000000001
F001097,STR02,7/30/2022,0.966400000000001
F001098,STR02,8/6/2022,0.965200000000001
F001099,STR02,8/13/2022,0.964000000000001
F001100,STR02,8/20/2022,0.962800000000001
F001101,STR02,8/27/2022,0.961600000000001
F001102,STR02,9/3/2022,0.960400000000001
F001103,STR02,9/10/2022,0.959200000000001
F001104,STR02,9/17/2022,0.958000000000001
F001105,STR02,9/24/2022,0.956800000000001
F001106,STR02,10/1/2022,0.955600000000001
F001107,STR02,10/8/2022,0.954400000000001
F001108,STR02,10/15/2022,0.953200000000001
F001109,STR02,10/22/2022,0.952000000000001
F001110,STR02,10/29/2022,0.950800000000001
F001111,STR02,11/5/2022,0.949600000000001
F001112,STR02,11/12/2022,0.948400000000001
F001113,STR02,11/19/2022,0.947200000000001
F001114,STR02,11/26/2022,0.946000000000001
F001115,STR02,12/3/2022,0.944800000000001
F001116,STR02,12/10/2022,0.943600000000001
F001117,STR02,12/17/2022,0.942400000000001
F001118,STR02,12/24/2022,0.941200000000001
F001119,STR02,12/31/2022,0.940000000000001
F001120,STR02,1/7/2023,0.938800000000001
F001121,STR02,1/14/2023,0.937600000000001
F001122,STR02,1/21/2023,0.936400000000001
F001123,STR02,1/28/2023,0.935200000000001
F001124,STR02,2/4/2023,0.934000000000001
F001125,STR02,2/11/2023,0.932800000000001
F001126,STR02,2/18/2023,0.931600000000001
F001127,STR02,2/25/2023,0.930400000000001
F001128,STR02,3/4/2023,0.929200000000001
F001129,STR02,3/11/2023,0.928000000000001
F001130,STR02,3/18/2023,0.926800000000001
F001131,STR02,3/25/2023,0.925600000000001
F001132,STR02,4/1/2023,0.924400000000001
F001133,STR02,4/8/2023,0.923200000000001
F001134,STR02,4/15/2023,0.922000000000001
F001135,STR02,4/22/2023,0.920800000000001
F001136,STR02,4/29/2023,0.919600000000001
F001137,STR02,5/6/2023,0.918400000000001
F001138,STR02,5/13/2023,0.917200000000002
F001139,STR02,5/20/2023,0.916000000000002
F001140,STR02,5/27/2023,0.914800000000002
F001141,STR02,6/3/2023,0.913600000000002
F001142,STR02,6/10/2023,0.912400000000002
F001143,STR02,6/17/2023,0.911200000000002
F001144,STR02,6/24/2023,0.910000000000002
F001145,STR02,7/1/2023,0.908800000000002
F001146,STR02,7/8/2023,0.907600000000002
F001147,STR02,7/15/2023,0.906400000000002
F001148,STR02,7/22/2023,0.905200000000002
F001149,STR02,7/29/2023,0.904000000000002
F001150,STR02,8/5/2023,0.902800000000002
F001151,STR02,8/12/2023,0.901600000000002
F001152,STR02,8/19/2023,0.900400000000002
F001153,STR02,8/26/2023,0.899200000000002
F001154,STR02,9/2/2023,0.898000000000002
F001155,STR02,9/9/2023,0.896800000000002
F001156,STR02,9/16/2023,0.895600000000002
F001157,STR02,9/23/2023,0.894400000000002
F001158,STR02,9/30/2023,0.893200000000002
F001159,STR02,10/7/2023,0.892000000000002
F001160,STR02,10/14/2023,0.890800000000002
F001161,STR02,10/21/2023,0.889600000000002
F001162,STR02,10/28/2023,0.888400000000002
F001163,STR02,11/4/2023,0.887200000000002
F001164,STR02,11/11/2023,0.886000000000002
F001165,STR02,11/18/2023,0.884800000000002
F001166,STR02,11/25/2023,0.883600000000002
F001167,STR02,12/2/2023,0.882400000000002
F001168,STR02,12/9/2023,0.881200000000002
F001169,STR02,12/16/2023,0.880000000000002
F001170,STR02,12/23/2023,0.878800000000002
F001171,STR02,12/30/2023,0.877600000000002
F001172,STR02,1/6/2024,0.876400000000002
F001173,STR02,1/13/2024,0.875200000000002
F001174,STR02,1/20/2024,0.874000000000002
F001175,STR02,1/27/2024,0.872800000000002
F001176,STR02,2/3/2024,0.871600000000002
F001177,STR02,2/10/2024,0.870400000000002
F001178,STR02,2/17/2024,0.869200000000002
F001179,STR02,2/24/2024,0.868000000000002
F001180,STR02,3/2/2024,0.866800000000002
F001181,STR02,3/9/2024,0.865600000000002
F001182,STR02,3/16/2024,0.864400000000002
F001183,STR02,3/23/2024,0.863200000000002
F001184,STR02,3/30/2024,0.862000000000002
F001185,STR02,4/6/2024,0.860800000000003
F001186,STR02,4/13/2024,0.859600000000003
F001187,STR02,4/20/2024,0.858400000000003
F001188,STR02,4/27/2024,0.857200000000003
F001189,STR02,5/4/2024,0.856000000000003
F001190,STR02,5/11/2024,0.854800000000003
F001191,STR02,5/18/2024,0.853600000000003
F001192,STR02,5/25/2024,0.852400000000003
F001193,STR02,6/1/2024,0.851200000000003
F001194,STR02,6/8/2024,0.850000000000003
F001195,STR02,6/15/2024,0.848800000000003
F001196,STR02,6/22/2024,0.847600000000003
F001197,STR02,6/29/2024,0.846400000000003
F001198,STR02,7/6/2024,0.845200000000003
F001199,STR02,7/13/2024,0.844000000000003
F001200,STR02,7/20/2024,0.842800000000003
F001201,STR02,7/27/2024,0.841600000000003
F001202,STR02,8/3/2024,0.840400000000003
F001203,STR02,8/10/2024,0.839200000000003
F001204,STR02,8/17/2024,0.838000000000003
F001205,STR02,8/24/2024,0.836800000000003
F001206,STR02,8/31/2024,0.835600000000003
F001207,STR02,9/7/2024,0.834400000000003
F001208,STR02,9/14/2024,0.833200000000003
F001209,STR02,9/21/2024,0.832000000000003
F001210,STR02,9/28/2024,0.830800000000003
F001211,STR02,10/5/2024,0.829600000000003
F001212,STR02,10/12/2024,0.828400000000003
F001213,STR03,1/1/2022,1
F001214,STR03,1/8/2022,0.996
F001215,STR03,1/15/2022,0.992
F001216,STR03,1/22/2022,0.988
F001217,STR03,1/29/2022,0.984
F001218,STR03,2/5/2022,0.98
F001219,STR03,2/12/2022,0.976
F001220,STR03,2/19/2022,0.972
F001221,STR03,2/26/2022,0.968
F001222,STR03,3/5/2022,0.964
F001223,STR03,3/12/2022,0.96
F001224,STR03,3/19/2022,0.956
F001225,STR03,3/26/2022,0.952
F001226,STR03,4/2/2022,0.948
F001227,STR03,4/9/2022,0.944
F001228,STR03,4/16/2022,0.94
F001229,STR03,4/23/2022,0.936
F001230,STR03,4/30/2022,0.932
F001231,STR03,5/7/2022,0.928
F001232,STR03,5/14/2022,0.924
F001233,STR03,5/21/2022,0.92
F001234,STR03,5/28/2022,0.916
F001235,STR03,6/4/2022,0.912
F001236,STR03,6/11/2022,0.908
F001237,STR03,6/18/2022,0.904
F001238,STR03,6/25/2022,0.9
F001239,STR03,7/2/2022,0.896
F001240,STR03,7/9/2022,0.892
F001241,STR03,7/16/2022,0.888
F001242,STR03,7/23/2022,0.884
F001243,STR03,7/30/2022,0.88
F001244,STR03,8/6/2022,0
F001245,STR03,8/13/2022,1
F001246,STR03,8/20/2022,0.996
F001247,STR03,8/27/2022,0.992
F001248,STR03,9/3/2022,0.988
F001249,STR03,9/10/2022,0.984
F001250,STR03,9/17/2022,0.98
F001251,STR03,9/24/2022,0.976
F001252,STR03,10/1/2022,0.972
F001253,STR03,10/8/2022,0.968
F001254,STR03,10/15/2022,0.964
F001255,STR03,10/22/2022,0.96
F001256,STR03,10/29/2022,0.956
F001257,STR03,11/5/2022,0.952
F001258,STR03,11/12/2022,0.948
F001259,STR03,11/19/2022,0.944
F001260,STR03,11/26/2022,0.94
F001261,STR03,12/3/2022,0.936
F001262,STR03,12/10/2022,0.932
F001263,STR03,12/17/2022,0.928
F001264,STR03,12/24/2022,0.924
F001265,STR03,12/31/2022,0.92
F001266,STR03,1/7/2023,0.916
F001267,STR03,1/14/2023,0.912
F001268,STR03,1/21/2023,0.908
F001269,STR03,1/28/2023,0.904
F001270,STR03,2/4/2023,0.9
F001271,STR03,2/11/2023,0.896
F001272,STR03,2/18/2023,0.892
F001273,STR03,2/25/2023,0.888
F001274,STR03,3/4/2023,0.884
F001275,STR03,3/11/2023,0.88
F001276,STR03,3/18/2023,0.876
F001277,STR03,3/25/2023,0.872
F001278,STR03,4/1/2023,0.868
F001279,STR03,4/8/2023,0.864
F001280,STR03,4/15/2023,0.86
F001281,STR03,4/22/2023,0.856
F001282,STR03,4/29/2023,0.852
F001283,STR03,5/6/2023,0.848
F001284,STR03,5/13/2023,0.844
F001285,STR03,5/20/2023,0.84
F001286,STR03,5/27/2023,0.836
F001287,STR03,6/3/2023,0.832
F001288,STR03,6/10/2023,0.828
F001289,STR03,6/17/2023,0.824
F001290,STR03,6/24/2023,0.82
F001291,STR03,7/1/2023,0.816
F001292,STR03,7/8/2023,0.812
F001293,STR03,7/15/2023,0.808
F001294,STR03,7/22/2023,0.804
F001295,STR03,7/29/2023,0.8
F001296,STR03,8/5/2023,0.796
F001297,STR03,8/12/2023,0.792
F001298,STR03,8/19/2023,0.788
F001299,STR03,8/26/2023,0.784
F001300,STR03,9/2/2023,0.78
F001301,STR03,9/9/2023,0.776
F001302,STR03,9/16/2023,0.772
F001303,STR03,9/23/2023,0.768
F001304,STR03,9/30/2023,0.764
F001305,STR03,10/7/2023,0.76
F001306,STR03,10/14/2023,0.756
F001307,STR03,10/21/2023,0.752
F001308,STR03,10/28/2023,0.748
F001309,STR03,11/4/2023,0.744
F001310,STR03,11/11/2023,0.74
F001311,STR03,11/18/2023,0.736
F001312,STR03,11/25/2023,0.732
F001313,STR03,12/2/2023,0.728
F001314,STR03,12/9/2023,0.724
F001315,STR03,12/16/2023,0.72
F001316,STR03,12/23/2023,0.716
F001317,STR03,12/30/2023,0.712
F001318,STR03,1/6/2024,0.708
F001319,STR03,1/13/2024,0.704
F001320,STR03,1/20/2024,0.7
F001321,STR03,1/27/2024,0.696
F001322,STR03,2/3/2024,0.692
F001323,STR03,2/10/2024,0.688
F001324,STR03,2/17/2024,0.684
F001325,STR03,2/24/2024,0.68
F001326,STR03,3/2/2024,0.676
F001327,STR03,3/9/2024,0.672
F001328,STR03,3/16/2024,0.668
F001329,STR03,3/23/2024,0.664
F001330,STR03,3/30/2024,0.66
F001331,STR03,4/6/2024,0.656
F001332,STR03,4/13/2024,0.652
F001333,STR03,4/20/2024,0.648
F001334,STR03,4/27/2024,0.644
F001335,STR03,5/4/2024,0.64
F001336,STR03,5/11/2024,0.636
F001337,STR03,5/18/2024,0.632
F001338,STR03,5/25/2024,0.628
F001339,STR03,6/1/2024,0.624
F001340,STR03,6/8/2024,0.62
F001341,STR03,6/15/2024,0.616
F001342,STR03,6/22/2024,0.612
F001343,STR03,6/29/2024,0.608
F001344,STR03,7/6/2024,0.604
F001345,STR03,7/13/2024,0.6
F001346,STR03,7/20/2024,0.596
F001347,STR03,7/27/2024,0.592
F001348,STR03,8/3/2024,0.588
F001349,STR03,8/10/2024,0.584
F001350,STR03,8/17/2024,0.58
F001351,STR03,8/24/2024,0.576
F001352,STR03,8/31/2024,0.572
F001353,STR03,9/7/2024,0.568
F001354,STR03,9/14/2024,0.564
F001355,STR03,9/21/2024,0.56
F001356,STR03,9/28/2024,0.556
F001357,STR03,10/5/2024,0.552
F001358,STR03,10/12/2024,0.548
F001359,STR03,10/19/2024,0.544
F001360,STR03,10/26/2024,0.54
F001361,STR03,11/2/2024,0.536
F001362,STR03,11/9/2024,0.532
F001363,STR03,11/16/2024,0.528
F001364,STR03,11/23/2024,0.524
F001365,STR03,11/30/2024,0.52
F001366,STR03,12/7/2024,0.516
F001367,STR03,12/14/2024,0.512
F001368,STR03,12/21/2024,0.508
F001369,STR03,12/28/2024,0.504
F001370,STR04,1/1/2022,1
F001371,STR04,1/8/2022,0.997
F001372,STR04,1/15/2022,0.994
F001373,STR04,1/22/2022,0.991
F001374,STR04,1/29/2022,0.988
F001375,STR04,2/5/2022,0.985
F001376,STR04,2/12/2022,0.982
F001377,STR04,2/19/2022,0.979
F001378,STR04,2/26/2022,0.976
F001379,STR04,3/5/2022,0.973
F001380,STR04,3/12/2022,0.97
F001381,STR04,3/19/2022,0.967
F001382,STR04,3/26/2022,0.964
F001383,STR04,4/2/2022,0.961
F001384,STR04,4/9/2022,0.958
F001385,STR04,4/16/2022,0.955
F001386,STR04,4/23/2022,0.952
F001387,STR04,4/30/2022,0.949
F001388,STR04,5/7/2022,0.946
F001389,STR04,5/14/2022,0.943
F001390,STR04,5/21/2022,0.94
F001391,STR04,5/28/2022,0.937
F001392,STR04,6/4/2022,0.934
F001393,STR04,6/11/2022,0.931
F001394,STR04,6/18/2022,0.928
F001395,STR04,6/25/2022,0.925
F001396,STR04,7/2/2022,0.922
F001397,STR04,7/9/2022,0.919
F001398,STR04,7/16/2022,0.916
F001399,STR04,7/23/2022,0.913
F001400,STR04,7/30/2022,0.91
F001401,STR04,8/6/2022,0.907
F001402,STR04,8/13/2022,0.904
F001403,STR04,8/20/2022,0.901
F001404,STR04,8/27/2022,0.898
F001405,STR04,9/3/2022,0.895
F001406,STR04,9/10/2022,0.892
F001407,STR04,9/17/2022,0.889
F001408,STR04,9/24/2022,0.886
F001409,STR04,10/1/2022,0.883
F001410,STR04,10/8/2022,0.88
F001411,STR04,10/15/2022,0.877
F001412,STR04,10/22/2022,0.874
F001413,STR04,10/29/2022,0.871
F001414,STR04,11/5/2022,0.868
F001415,STR04,11/12/2022,0.865
F001416,STR04,11/19/2022,0.862
F001417,STR04,11/26/2022,0.859
F001418,STR04,12/3/2022,0.856
F001419,STR04,12/10/2022,0.853
F001420,STR04,12/17/2022,0.85
F001421,STR04,12/24/2022,0.847
F001422,STR04,12/31/2022,0.844
F001423,STR04,1/7/2023,0.841
F001424,STR04,1/14/2023,0.838
F001425,STR04,1/21/2023,0.835
F001426,STR04,1/28/2023,0.832
F001427,STR04,2/4/2023,0.829
F001428,STR04,2/11/2023,0.826
F001429,STR04,2/18/2023,0.823
F001430,STR04,2/25/2023,0.82
F001431,STR04,3/4/2023,0.817
F001432,STR04,3/11/2023,0.814
F001433,STR04,3/18/2023,0.811
F001434,STR04,3/25/2023,0.808
F001435,STR04,4/1/2023,0.805
F001436,STR04,4/8/2023,0.802
F001437,STR04,4/15/2023,0.799
F001438,STR04,4/22/2023,0.796
F001439,STR04,4/29/2023,0.793
F001440,STR04,5/6/2023,0.79
F001441,STR04,5/13/2023,0.787
F001442,STR04,5/20/2023,0.784
F001443,STR04,5/27/2023,0.781
F001444,STR04,6/3/2023,0.778
F001445,STR04,6/10/2023,0.775
F001446,STR04,6/17/2023,0.772
F001447,STR04,6/24/2023,0.769
F001448,STR04,7/1/2023,0.766
F001449,STR04,7/8/2023,0.763
F001450,STR04,7/15/2023,0.76
F001451,STR04,7/22/2023,0.757
F001452,STR04,7/29/2023,0.754
F001453,STR04,8/5/2023,0.751
F001454,STR04,8/12/2023,0.748
F001455,STR04,8/19/2023,0.745
F001456,STR04,8/26/2023,0.742
F001457,STR04,9/2/2023,0.739
F001458,STR04,9/9/2023,0.736
F001459,STR04,9/16/2023,0.733
F001460,STR04,9/23/2023,0.73
F001461,STR04,9/30/2023,0.727
F001462,STR04,10/7/2023,0.724
F001463,STR04,10/14/2023,0.721
F001464,STR04,10/21/2023,0.718
F001465,STR04,10/28/2023,0.715
F001466,STR04,11/4/2023,0.712
F001467,STR04,11/11/2023,0.709
F001468,STR04,11/18/2023,0.706
F001469,STR04,11/25/2023,0.703
F001470,STR04,12/2/2023,0.7
F001471,STR04,12/9/2023,0.697
F001472,STR04,12/16/2023,0.694
F001473,STR04,12/23/2023,0.691
F001474,STR04,12/30/2023,0.688
F001475,STR04,1/6/2024,0.685
F001476,STR04,1/13/2024,0.682
F001477,STR04,1/20/2024,0.679
F001478,STR04,1/27/2024,0.676
F001479,STR04,2/3/2024,0.673
F001480,STR04,2/10/2024,0.67
F001481,STR04,2/17/2024,0.667
F001482,STR04,2/24/2024,0.664
F001483,STR04,3/2/2024,0.661
F001484,STR04,3/9/2024,0.658
F001485,STR04,3/16/2024,0.655
F001486,STR04,3/23/2024,0.652
F001487,STR04,3/30/2024,0.649
F001488,STR04,4/6/2024,0.646
F001489,STR04,4/13/2024,0
F001490,STR04,4/20/2024,1
F001491,STR04,4/27/2024,0.997
F001492,STR04,5/4/2024,0.994
F001493,STR04,5/11/2024,0.991
F001494,STR04,5/18/2024,0.988
F001495,STR04,5/25/2024,0.985
F001496,STR04,6/1/2024,0.982
F001497,STR04,6/8/2024,0.979
F001498,STR04,6/15/2024,0.976
F001499,STR04,6/22/2024,0.973
F001500,STR04,6/29/2024,0.97
F001501,STR04,7/6/2024,0.967
F001502,STR04,7/13/2024,0.964
F001503,STR04,7/20/2024,0.961
F001504,STR04,7/27/2024,0.958
F001505,STR04,8/3/2024,0.955
F001506,STR04,8/10/2024,0.952
F001507,STR04,8/17/2024,0.949
F001508,STR04,8/24/2024,0.946
F001509,STR04,8/31/2024,0.943
F001510,STR04,9/7/2024,0.94
F001511,STR04,9/14/2024,0.937
F001512,STR04,9/21/2024,0.934
F001513,STR04,9/28/2024,0.931
F001514,STR04,10/5/2024,0.928
F001515,STR04,10/12/2024,1
F001516,STR05,1/1/2022,0.9975
F001517,STR05,1/8/2022,0.995
F001518,STR05,1/15/2022,0.9925
F001519,STR05,1/22/2022,0.99
F001520,STR05,1/29/2022,0.9875
F001521,STR05,2/5/2022,0.985
F001522,STR05,2/12/2022,0.9825
F001523,STR05,2/19/2022,0.98
F001524,STR05,2/26/2022,0.977500000000001
F001525,STR05,3/5/2022,0.975000000000001
F001526,STR05,3/12/2022,0.972500000000001
F001527,STR05,3/19/2022,0.970000000000001
F001528,STR05,3/26/2022,0.967500000000001
F001529,STR05,4/2/2022,0.965000000000001
F001530,STR05,4/9/2022,0.962500000000001
F001531,STR05,4/16/2022,0.960000000000001
F001532,STR05,4/23/2022,0.957500000000001
F001533,STR05,4/30/2022,0.955000000000001
F001534,STR05,5/7/2022,0.952500000000001
F001535,STR05,5/14/2022,0.950000000000001
F001536,STR05,5/21/2022,0.947500000000001
F001537,STR05,5/28/2022,0.945000000000001
F001538,STR05,6/4/2022,0.942500000000001
F001539,STR05,6/11/2022,0.940000000000001
F001540,STR05,6/18/2022,0.937500000000001
F001541,STR05,6/25/2022,0.935000000000001
F001542,STR05,7/2/2022,0.932500000000001
F001543,STR05,7/9/2022,0.930000000000002
F001544,STR05,7/16/2022,0.927500000000002
F001545,STR05,7/23/2022,0.925000000000002
F001546,STR05,7/30/2022,0.922500000000002
F001547,STR05,8/6/2022,0.920000000000002
F001548,STR05,8/13/2022,0.917500000000002
F001549,STR05,8/20/2022,0.915000000000002
F001550,STR05,8/27/2022,0.912500000000002
F001551,STR05,9/3/2022,0.910000000000002
F001552,STR05,9/10/2022,0.907500000000002
F001553,STR05,9/17/2022,0.905000000000002
F001554,STR05,9/24/2022,0.902500000000002
F001555,STR05,10/1/2022,0.900000000000002
F001556,STR05,10/8/2022,0.897500000000002
F001557,STR05,10/15/2022,0.895000000000002
F001558,STR05,10/22/2022,0.892500000000002
F001559,STR05,10/29/2022,0.890000000000002
F001560,STR05,11/5/2022,0.887500000000002
F001561,STR05,11/12/2022,0.885000000000003
F001562,STR05,11/19/2022,0.882500000000003
F001563,STR05,11/26/2022,0.880000000000003
F001564,STR05,12/3/2022,0.877500000000003
F001565,STR05,12/10/2022,0.875000000000003
F001566,STR05,12/17/2022,0.872500000000003
F001567,STR05,12/24/2022,0.870000000000003
F001568,STR05,12/31/2022,0.867500000000003
F001569,STR05,1/7/2023,0.865000000000003
F001570,STR05,1/14/2023,0.862500000000003
F001571,STR05,1/21/2023,0.860000000000003
F001572,STR05,1/28/2023,0.857500000000003
F001573,STR05,2/4/2023,0.855000000000003
F001574,STR05,2/11/2023,0.852500000000003
F001575,STR05,2/18/2023,0.850000000000003
F001576,STR05,2/25/2023,0.847500000000003
F001577,STR05,3/4/2023,0.845000000000003
F001578,STR05,3/11/2023,0.842500000000003
F001579,STR05,3/18/2023,0.840000000000003
F001580,STR05,3/25/2023,0.837500000000004
F001581,STR05,4/1/2023,0.835000000000004
F001582,STR05,4/8/2023,0.832500000000004
F001583,STR05,4/15/2023,0.830000000000004
F001584,STR05,4/22/2023,0.827500000000004
F001585,STR05,4/29/2023,0.825000000000004
F001586,STR05,5/6/2023,0.822500000000004
F001587,STR05,5/13/2023,0.820000000000004
F001588,STR05,5/20/2023,0.817500000000004
F001589,STR05,5/27/2023,0.815000000000004
F001590,STR05,6/3/2023,0.812500000000004
F001591,STR05,6/10/2023,0.810000000000004
F001592,STR05,6/17/2023,0.807500000000004
F001593,STR05,6/24/2023,0.805000000000004
F001594,STR05,7/1/2023,0.802500000000004
F001595,STR05,7/8/2023,0.800000000000004
F001596,STR05,7/15/2023,0.797500000000004
F001597,STR05,7/22/2023,0.795000000000004
F001598,STR05,7/29/2023,0.792500000000004
F001599,STR05,8/5/2023,0.790000000000005
F001600,STR05,8/12/2023,0.787500000000005
F001601,STR05,8/19/2023,0.785000000000005
F001602,STR05,8/26/2023,0.782500000000005
F001603,STR05,9/2/2023,0.780000000000005
F001604,STR05,9/9/2023,0.777500000000005
F001605,STR05,9/16/2023,0.775000000000005
F001606,STR05,9/23/2023,0.772500000000005
F001607,STR05,9/30/2023,0.770000000000005
F001608,STR05,10/7/2023,0.767500000000005
F001609,STR05,10/14/2023,0.765000000000005
F001610,STR05,10/21/2023,0.762500000000005
F001611,STR05,10/28/2023,0.760000000000005
F001612,STR05,11/4/2023,0.757500000000005
F001613,STR05,11/11/2023,0.755000000000005
F001614,STR05,11/18/2023,0.752500000000005
F001615,STR05,11/25/2023,0.750000000000005
F001616,STR05,12/2/2023,0.747500000000005
F001617,STR05,12/9/2023,0.745000000000005
F001618,STR05,12/16/2023,0.742500000000006
F001619,STR05,12/23/2023,0.740000000000006
F001620,STR05,12/30/2023,0
F001621,STR05,1/6/2024,1
F001622,STR05,1/13/2024,0.9975
F001623,STR05,1/20/2024,0.995
F001624,STR05,1/27/2024,0.9925
F001625,STR05,2/3/2024,0.99
F001626,STR05,2/10/2024,0.9875
F001627,STR05,2/17/2024,0.985
F001628,STR05,2/24/2024,0.9825
F001629,STR05,3/2/2024,0.98
F001630,STR05,3/9/2024,0.977500000000001
F001631,STR05,3/16/2024,0.975000000000001
F001632,STR05,3/23/2024,0.972500000000001
F001633,STR05,3/30/2024,0.970000000000001
F001634,STR05,4/6/2024,0.967500000000001
F001635,STR05,4/13/2024,0.965000000000001
F001636,STR05,4/20/2024,0.962500000000001
F001637,STR05,4/27/2024,0.960000000000001
F001638,STR05,5/4/2024,0.957500000000001
F001639,STR05,5/11/2024,0.955000000000001
F001640,STR05,5/18/2024,0.952500000000001
F001641,STR05,5/25/2024,0.950000000000001
F001642,STR05,6/1/2024,0.947500000000001
F001643,STR05,6/8/2024,0.945000000000001
F001644,STR05,6/15/2024,0.942500000000001
F001645,STR05,6/22/2024,0.940000000000001
F001646,STR05,6/29/2024,0.937500000000001
F001647,STR05,7/6/2024,0.935000000000001
F001648,STR05,7/13/2024,0.932500000000001
F001649,STR05,7/20/2024,0.930000000000002
F001650,STR05,7/27/2024,0.927500000000002
F001651,STR05,8/3/2024,0.925000000000002
F001652,STR05,8/10/2024,0.922500000000002
F001653,STR05,8/17/2024,0.920000000000002
F001654,STR05,8/24/2024,0.917500000000002
F001655,STR05,8/31/2024,0.915000000000002
F001656,STR05,9/7/2024,0.912500000000002
F001657,STR05,9/14/2024,0.910000000000002
F001658,STR05,9/21/2024,0.907500000000002
F001659,STR05,9/28/2024,0.905000000000002
F001660,STR05,10/5/2024,1
F001661,STR05,10/12/2024,0.9975
F001662,STR05,10/19/2024,0.995
F001663,STR05,10/26/2024,0.9925
F001664,STR05,11/2/2024,0.99
F001665,STR05,11/9/2024,0.9875
F001666,STR05,11/16/2024,0.985
F001667,STR05,11/23/2024,0.9825
F001668,STR05,11/30/2024,0.98
F001669,STR05,12/7/2024,0.977500000000001
F001670,STR05,12/14/2024,0.975000000000001
F001671,STR05,12/21/2024,0.972500000000001
F001672,STR05,12/28/2024,0.970000000000001
F001673,STR06,1/1/2022,1
F001674,STR06,1/8/2022,1
F001675,STR06,1/15/2022,0.9978
F001676,STR06,1/22/2022,0.9956
F001677,STR06,1/29/2022,0.9934
F001678,STR06,2/5/2022,0.9912
F001679,STR06,2/12/2022,0.989
F001680,STR06,2/19/2022,0.9868
F001681,STR06,2/26/2022,0.9846
F001682,STR06,3/5/2022,0.9824
F001683,STR06,3/12/2022,0.9802
F001684,STR06,3/19/2022,0.978
F001685,STR06,3/26/2022,0.9758
F001686,STR06,4/2/2022,0.9736
F001687,STR06,4/9/2022,0.9714
F001688,STR06,4/16/2022,0.9692
F001689,STR06,4/23/2022,0.967
F001690,STR06,4/30/2022,0.9648
F001691,STR06,5/7/2022,0.9626
F001692,STR06,5/14/2022,0.9604
F001693,STR06,5/21/2022,0.9582
F001694,STR06,5/28/2022,0.956
F001695,STR06,6/4/2022,0.9538
F001696,STR06,6/11/2022,0.9516
F001697,STR06,6/18/2022,0.949400000000001
F001698,STR06,6/25/2022,0.947200000000001
F001699,STR06,7/2/2022,0.945000000000001
F001700,STR06,7/9/2022,0.942800000000001
F001701,STR06,7/16/2022,0.940600000000001
F001702,STR06,7/23/2022,0.938400000000001
F001703,STR06,7/30/2022,0.936200000000001
F001704,STR06,8/6/2022,0.934000000000001
F001705,STR06,8/13/2022,0.931800000000001
F001706,STR06,8/20/2022,0.929600000000001
F001707,STR06,8/27/2022,0.927400000000001
F001708,STR06,9/3/2022,0.925200000000001
F001709,STR06,9/10/2022,0.923000000000001
F001710,STR06,9/17/2022,0.920800000000001
F001711,STR06,9/24/2022,0.918600000000001
F001712,STR06,10/1/2022,0.916400000000001
F001713,STR06,10/8/2022,0.914200000000001
F001714,STR06,10/15/2022,0.912000000000001
F001715,STR06,10/22/2022,0.909800000000001
F001716,STR06,10/29/2022,0.907600000000001
F001717,STR06,11/5/2022,0.905400000000001
F001718,STR06,11/12/2022,0.903200000000001
F001719,STR06,11/19/2022,0.901000000000001
F001720,STR06,11/26/2022,0.898800000000001
F001721,STR06,12/3/2022,0.896600000000001
F001722,STR06,12/10/2022,0.894400000000001
F001723,STR06,12/17/2022,0.892200000000001
F001724,STR06,12/24/2022,0.890000000000001
F001725,STR06,12/31/2022,0.887800000000001
F001726,STR06,1/7/2023,0.885600000000001
F001727,STR06,1/14/2023,0.883400000000001
F001728,STR06,1/21/2023,0.881200000000001
F001729,STR06,1/28/2023,0.879000000000001
F001730,STR06,2/4/2023,0.876800000000001
F001731,STR06,2/11/2023,0.874600000000001
F001732,STR06,2/18/2023,0.872400000000001
F001733,STR06,2/25/2023,0.870200000000001
F001734,STR06,3/4/2023,0.868000000000001
F001735,STR06,3/11/2023,0.865800000000001
F001736,STR06,3/18/2023,0.863600000000001
F001737,STR06,3/25/2023,0.861400000000001
F001738,STR06,4/1/2023,0.859200000000001
F001739,STR06,4/8/2023,0.857000000000001
F001740,STR06,4/15/2023,0.854800000000001
F001741,STR06,4/22/2023,0.852600000000001
F001742,STR06,4/29/2023,0.850400000000001
F001743,STR06,5/6/2023,0.848200000000001
F001744,STR06,5/13/2023,0.846000000000001
F001745,STR06,5/20/2023,0.843800000000001
F001746,STR06,5/27/2023,0.841600000000002
F001747,STR06,6/3/2023,0.839400000000002
F001748,STR06,6/10/2023,0.837200000000002
F001749,STR06,6/17/2023,0.835000000000002
F001750,STR06,6/24/2023,0.832800000000002
F001751,STR06,7/1/2023,0.830600000000002
F001752,STR06,7/8/2023,0.828400000000002
F001753,STR06,7/15/2023,0.826200000000002
F001754,STR06,7/22/2023,0.824000000000002
F001755,STR06,7/29/2023,0.821800000000002
F001756,STR06,8/5/2023,0.819600000000002
F001757,STR06,8/12/2023,0.817400000000002
F001758,STR06,8/19/2023,0.815200000000002
F001759,STR06,8/26/2023,0.813000000000002
F001760,STR06,9/2/2023,0.810800000000002
F001761,STR06,9/9/2023,0.808600000000002
F001762,STR06,9/16/2023,0.806400000000002
F001763,STR06,9/23/2023,0.804200000000002
F001764,STR06,9/30/2023,0.802000000000002
F001765,STR06,10/7/2023,0.799800000000002
F001766,STR06,10/14/2023,0.797600000000002
F001767,STR06,10/21/2023,0.795400000000002
F001768,STR06,10/28/2023,0.793200000000002
F001769,STR06,11/4/2023,0.791000000000002
F001770,STR06,11/11/2023,0.788800000000002
F001771,STR06,11/18/2023,0.786600000000002
F001772,STR06,11/25/2023,0.784400000000002
F001773,STR06,12/2/2023,0.782200000000002
F001774,STR06,12/9/2023,0.780000000000002
F001775,STR06,12/16/2023,0.777800000000002
F001776,STR06,12/23/2023,0.775600000000002
F001777,STR06,12/30/2023,0.773400000000002
F001778,STR06,1/6/2024,0.771200000000002
F001779,STR06,1/13/2024,0.769000000000002
F001780,STR06,1/20/2024,0.766800000000002
F001781,STR06,1/27/2024,0.764600000000002
F001782,STR06,2/3/2024,0.762400000000002
F001783,STR06,2/10/2024,0.760200000000002
F001784,STR06,2/17/2024,0.758000000000002
F001785,STR06,2/24/2024,0.755800000000002
F001786,STR06,3/2/2024,0.753600000000002
F001787,STR06,3/9/2024,0.751400000000002
F001788,STR06,3/16/2024,0.749200000000002
F001789,STR06,3/23/2024,0.747000000000002
F001790,STR06,3/30/2024,0.744800000000002
F001791,STR06,4/6/2024,0.742600000000002
F001792,STR06,4/13/2024,0.740400000000002
F001793,STR06,4/20/2024,0.738200000000002
F001794,STR06,4/27/2024,0.736000000000002
F001795,STR06,5/4/2024,0.733800000000003
F001796,STR06,5/11/2024,0.731600000000003
F001797,STR06,5/18/2024,0.729400000000003
F001798,STR06,5/25/2024,0.727200000000003
F001799,STR06,6/1/2024,0.725000000000003
F001800,STR06,6/8/2024,0.722800000000003
F001801,STR06,6/15/2024,0.720600000000003
F001802,STR06,6/22/2024,0.718400000000003
F001803,STR06,6/29/2024,0.716200000000003
F001804,STR06,7/6/2024,0.714000000000003
F001805,STR06,7/13/2024,0.711800000000003
F001806,STR06,7/20/2024,0.709600000000003
F001807,STR06,7/27/2024,0.707400000000003
F001808,STR06,8/3/2024,0.705200000000003
F001809,STR06,8/10/2024,0.703000000000003
F001810,STR06,8/17/2024,0.700800000000003
F001811,STR06,8/24/2024,0.698600000000003
F001812,STR06,8/31/2024,0.696400000000003
F001813,STR06,9/7/2024,0.694200000000003
F001814,STR06,9/14/2024,0.692000000000003
F001815,STR06,9/21/2024,0.689800000000003
F001816,STR06,9/28/2024,0.687600000000003
F001817,STR06,10/5/2024,0.685400000000003
F001818,STR06,10/12/2024,0.683200000000003
